Pickup Location,
Alandi,Alandi Pune
Bavdhan,Bavdhan Pune
Sinhagad Road,Sinhagad Road Pune
Swargate,Swargate Pune
Hinjewadi,Hinjewadi Pune
Yerawada,Yerawada Pune
Mundhwa,Mundhwa Pune
Ambegaon,Ambegaon Pune
Handewadi,Handewadi Pune
Undri,Undri Pune
Dhankawadi,Dhankawadi Pune
Bhosari,Bhosari Pune
Manjari,Manjari Pune
Phursungi,Phursungi Pune
NIBM Road,NIBM Road Pune
Fursungi,Fursungi Pune
Talawade,Talawade Pune
Tathawade,Tathawade Pune
Chandani Chowk,Chandani Chowk Pune
Camp,Camp Pune
Balewadi,Balewadi Pune
Baner,Baner Pune
Narhe,Narhe Pune
Koregaon Park,Koregaon Park Pune
Magarpatta,Magarpatta Pune
Deccan,Deccan Pune
Vishrantwadi,Vishrantwadi Pune
Pimple Saudagar,Pimple Saudagar Pune
Lohegaon,Lohegaon Pune
Warje,Warje Pune
Kothrud,Kothrud Pune
Karve Nagar,Karve Nagar Pune
Pashan,Pashan Pune
Katraj,Katraj Pune
Dhayari,Dhayari Pune
Hadapsar,Hadapsar Pune
Wakad,Wakad Pune
Pimpri,Pimpri Pune
Parvati,Parvati Pune
Aundh,Aundh Pune
Pimple Gurav,Pimple Gurav Pune
Erandwane,Erandwane Pune
Shivajinagar,Shivajinagar Pune
Ravet,Ravet Pune
Nigdi,Nigdi Pune
Bibwewadi,Bibwewadi Pune
Chinchwad,Chinchwad Pune
Kharadi,Kharadi Pune
Viman Nagar,Viman Nagar Pune
Kalyani Nagar,Kalyani Nagar Pune
0,0 Pune
